[{"chunk_id": "Ramayana_Vivekananda_chunk_0_da39a3ee", "document_id": "Ramayana_Vivekananda", "source": "D:\\Projects\\rag-document-intelligence\\data\\raw\\Ramayana_Vivekananda.pdf"}, {"chunk_id": "Ramayana_Vivekananda_chunk_1_82ca6c43", "document_id": "Ramayana_Vivekananda", "source": "D:\\Projects\\rag-document-intelligence\\data\\raw\\Ramayana_Vivekananda.pdf"}, {"chunk_id": "Ramayana_Vivekananda_chunk_2_14b3af86", "document_id": "Ramayana_Vivekananda", "source": "D:\\Projects\\rag-document-intelligence\\data\\raw\\Ramayana_Vivekananda.pdf"}, {"chunk_id": "Ramayana_Vivekananda_chunk_3_99940618", "document_id": "Ramayana_Vivekananda", "source": "D:\\Projects\\rag-document-intelligence\\data\\raw\\Ramayana_Vivekananda.pdf"}, {"chunk_id": "Ramayana_Vivekananda_chunk_4_eb015c33", "document_id": "Ramayana_Vivekananda", "source": "D:\\Projects\\rag-document-intelligence\\data\\raw\\Ramayana_Vivekananda.pdf"}, {"chunk_id": "Ramayana_Vivekananda_chunk_5_23ef6b14", "document_id": "Ramayana_Vivekananda", "source": "D:\\Projects\\rag-document-intelligence\\data\\raw\\Ramayana_Vivekananda.pdf"}, {"chunk_id": "Ramayana_Vivekananda_chunk_6_5a473602", "document_id": "Ramayana_Vivekananda", "source": "D:\\Projects\\rag-document-intelligence\\data\\raw\\Ramayana_Vivekananda.pdf"}, {"chunk_id": "Ramayana_Vivekananda_chunk_7_6fe20fa1", "document_id": "Ramayana_Vivekananda", "source": "D:\\Projects\\rag-document-intelligence\\data\\raw\\Ramayana_Vivekananda.pdf"}, {"chunk_id": "Ramayana_Vivekananda_chunk_8_237f05a1", "document_id": "Ramayana_Vivekananda", "source": "D:\\Projects\\rag-document-intelligence\\data\\raw\\Ramayana_Vivekananda.pdf"}, {"chunk_id": "Ramayana_Vivekananda_chunk_9_f9754e4d", "document_id": "Ramayana_Vivekananda", "source": "D:\\Projects\\rag-document-intelligence\\data\\raw\\Ramayana_Vivekananda.pdf"}, {"chunk_id": "Ramayana_Vivekananda_chunk_10_8383e38c", "document_id": "Ramayana_Vivekananda", "source": "D:\\Projects\\rag-document-intelligence\\data\\raw\\Ramayana_Vivekananda.pdf"}, {"chunk_id": "Ramayana_Vivekananda_chunk_11_6906fe01", "document_id": "Ramayana_Vivekananda", "source": "D:\\Projects\\rag-document-intelligence\\data\\raw\\Ramayana_Vivekananda.pdf"}, {"chunk_id": "Ramayana_Vivekananda_chunk_12_a5c170d2", "document_id": "Ramayana_Vivekananda", "source": "D:\\Projects\\rag-document-intelligence\\data\\raw\\Ramayana_Vivekananda.pdf"}, {"chunk_id": "Ramayana_Vivekananda_chunk_13_28ade009", "document_id": "Ramayana_Vivekananda", "source": "D:\\Projects\\rag-document-intelligence\\data\\raw\\Ramayana_Vivekananda.pdf"}, {"chunk_id": "Ramayana_Vivekananda_chunk_14_6c1fbee2", "document_id": "Ramayana_Vivekananda", "source": "D:\\Projects\\rag-document-intelligence\\data\\raw\\Ramayana_Vivekananda.pdf"}, {"chunk_id": "Ramayana_Vivekananda_chunk_15_f27480b7", "document_id": "Ramayana_Vivekananda", "source": "D:\\Projects\\rag-document-intelligence\\data\\raw\\Ramayana_Vivekananda.pdf"}, {"chunk_id": "Ramayana_Vivekananda_chunk_16_53c52437", "document_id": "Ramayana_Vivekananda", "source": "D:\\Projects\\rag-document-intelligence\\data\\raw\\Ramayana_Vivekananda.pdf"}, {"chunk_id": "Ramayana_Vivekananda_chunk_17_3bc8efd3", "document_id": "Ramayana_Vivekananda", "source": "D:\\Projects\\rag-document-intelligence\\data\\raw\\Ramayana_Vivekananda.pdf"}, {"chunk_id": "Ramayana_Vivekananda_chunk_18_01225751", "document_id": "Ramayana_Vivekananda", "source": "D:\\Projects\\rag-document-intelligence\\data\\raw\\Ramayana_Vivekananda.pdf"}, {"chunk_id": "Ramayana_Vivekananda_chunk_19_2ca64ea1", "document_id": "Ramayana_Vivekananda", "source": "D:\\Projects\\rag-document-intelligence\\data\\raw\\Ramayana_Vivekananda.pdf"}, {"chunk_id": "Ramayana_Vivekananda_chunk_20_a4f715a4", "document_id": "Ramayana_Vivekananda", "source": "D:\\Projects\\rag-document-intelligence\\data\\raw\\Ramayana_Vivekananda.pdf"}, {"chunk_id": "Ramayana_Vivekananda_chunk_21_6abdf14b", "document_id": "Ramayana_Vivekananda", "source": "D:\\Projects\\rag-document-intelligence\\data\\raw\\Ramayana_Vivekananda.pdf"}]